INSERT INTO Customer(cust_id,cust_first_name,cust_middle_name,cust_last_name,cust_phone_num,join_date,ord_cust_flag,silver_mem_flag) VALUES (413,'Berri',NULL,'MacKnocker','397-393-7377','2022-06-16 12:24:38',false,true);
INSERT INTO Customer(cust_id,cust_first_name,cust_middle_name,cust_last_name,cust_phone_num,join_date,ord_cust_flag,silver_mem_flag) VALUES (266,'Humberto','Dom','Krzysztof','583-648-6138','2022-08-09 10:51:34',true,false);
INSERT INTO Customer(cust_id,cust_first_name,cust_middle_name,cust_last_name,cust_phone_num,join_date,ord_cust_flag,silver_mem_flag) VALUES (794,'Henrie',NULL,'Rollin','149-289-1091','2022-03-24 00:13:26',false,true);
INSERT INTO Customer(cust_id,cust_first_name,cust_middle_name,cust_last_name,cust_phone_num,join_date,ord_cust_flag,silver_mem_flag) VALUES (737,'Carolyn',NULL,'De Normanville','123-777-3761','2022-08-15 13:20:15',true,false);
INSERT INTO Customer(cust_id,cust_first_name,cust_middle_name,cust_last_name,cust_phone_num,join_date,ord_cust_flag,silver_mem_flag) VALUES (532,'Bettina','Hammad','Grasser','665-870-8617','2022-11-20 18:35:11',false,true);
INSERT INTO Customer(cust_id,cust_first_name,cust_middle_name,cust_last_name,cust_phone_num,join_date,ord_cust_flag,silver_mem_flag) VALUES (998,'Barnett',NULL,'O''Corr','501-287-5201','2022-08-23 22:34:41',true,false);
INSERT INTO Customer(cust_id,cust_first_name,cust_middle_name,cust_last_name,cust_phone_num,join_date,ord_cust_flag,silver_mem_flag) VALUES (388,'Corri','Tomlin','Doey','895-901-4767','2022-02-12 07:47:12',false,true);
INSERT INTO Customer(cust_id,cust_first_name,cust_middle_name,cust_last_name,cust_phone_num,join_date,ord_cust_flag,silver_mem_flag) VALUES (944,'Roddie','Nessie','Nijssen','120-384-2824','2021-12-15 22:47:42',false,true);
INSERT INTO Customer(cust_id,cust_first_name,cust_middle_name,cust_last_name,cust_phone_num,join_date,ord_cust_flag,silver_mem_flag) VALUES (609,'Orly',NULL,'Oughton','713-940-9978','2022-03-20 16:00:14',true,false);
INSERT INTO Customer(cust_id,cust_first_name,cust_middle_name,cust_last_name,cust_phone_num,join_date,ord_cust_flag,silver_mem_flag) VALUES (876,'Dori',NULL,'Pirdue','444-407-0824','2021-12-20 11:10:39',false,true);
INSERT INTO Customer(cust_id,cust_first_name,cust_middle_name,cust_last_name,cust_phone_num,join_date,ord_cust_flag,silver_mem_flag) VALUES (591,'Tally','Vassily','Heggman','936-334-5670','2022-06-03 23:32:58',true,false);
INSERT INTO Customer(cust_id,cust_first_name,cust_middle_name,cust_last_name,cust_phone_num,join_date,ord_cust_flag,silver_mem_flag) VALUES (601,'Philippe',NULL,'Wellwood','953-748-2157','2022-03-04 19:43:31',false,true);
INSERT INTO Customer(cust_id,cust_first_name,cust_middle_name,cust_last_name,cust_phone_num,join_date,ord_cust_flag,silver_mem_flag) VALUES (496,'Koenraad','Antonina','Annon','521-680-5788','2022-07-11 07:04:37',true,false);
INSERT INTO Customer(cust_id,cust_first_name,cust_middle_name,cust_last_name,cust_phone_num,join_date,ord_cust_flag,silver_mem_flag) VALUES (610,'Bernard',NULL,'Lawden','133-641-7759','2022-01-20 01:14:49',false,true);
INSERT INTO Customer(cust_id,cust_first_name,cust_middle_name,cust_last_name,cust_phone_num,join_date,ord_cust_flag,silver_mem_flag) VALUES (435,'Audie',NULL,'Bruins','185-697-3959','2022-09-08 22:45:23',true,false);
INSERT INTO Customer(cust_id,cust_first_name,cust_middle_name,cust_last_name,cust_phone_num,join_date,ord_cust_flag,silver_mem_flag) VALUES (751,'Marna',NULL,'Spavon','159-341-8629','2022-10-16 05:47:37',false,true);
INSERT INTO Customer(cust_id,cust_first_name,cust_middle_name,cust_last_name,cust_phone_num,join_date,ord_cust_flag,silver_mem_flag) VALUES (735,'Rock',NULL,'Witherdon','887-725-0331','2022-03-23 17:57:53',true,false);
INSERT INTO Customer(cust_id,cust_first_name,cust_middle_name,cust_last_name,cust_phone_num,join_date,ord_cust_flag,silver_mem_flag) VALUES (920,'Stace',NULL,'Rising','565-888-1040','2022-09-05 08:38:57',true,false);
INSERT INTO Customer(cust_id,cust_first_name,cust_middle_name,cust_last_name,cust_phone_num,join_date,ord_cust_flag,silver_mem_flag) VALUES (507,'Aguste','Erika','Grelka','939-119-5935','2022-08-05 06:08:50',true,false);
INSERT INTO Customer(cust_id,cust_first_name,cust_middle_name,cust_last_name,cust_phone_num,join_date,ord_cust_flag,silver_mem_flag) VALUES (296,'Lynea',NULL,'Mushrow','353-580-2420','2022-05-04 22:39:36',false,true);
INSERT INTO Customer(cust_id,cust_first_name,cust_middle_name,cust_last_name,cust_phone_num,join_date,ord_cust_flag,silver_mem_flag) VALUES (728,'Euphemia',NULL,'MacArthur','171-291-4196','2022-11-27 12:57:00',true,false);
INSERT INTO Customer(cust_id,cust_first_name,cust_middle_name,cust_last_name,cust_phone_num,join_date,ord_cust_flag,silver_mem_flag) VALUES (830,'Ferrel','Chrissy','Magrane','101-526-1541','2022-01-26 16:22:48',false,true);
INSERT INTO Customer(cust_id,cust_first_name,cust_middle_name,cust_last_name,cust_phone_num,join_date,ord_cust_flag,silver_mem_flag) VALUES (384,'Hubie','Eleonora','Kynton','544-717-1571','2022-08-07 11:32:48',true,false);
INSERT INTO Customer(cust_id,cust_first_name,cust_middle_name,cust_last_name,cust_phone_num,join_date,ord_cust_flag,silver_mem_flag) VALUES (472,'Cass',NULL,'Skittle','352-106-4643','2022-11-17 14:13:41',false,true);
INSERT INTO Customer(cust_id,cust_first_name,cust_middle_name,cust_last_name,cust_phone_num,join_date,ord_cust_flag,silver_mem_flag) VALUES (324,'Georgie',NULL,'Bateman','263-521-4092','2022-11-06 14:06:36',false,true);
INSERT INTO Customer(cust_id,cust_first_name,cust_middle_name,cust_last_name,cust_phone_num,join_date,ord_cust_flag,silver_mem_flag) VALUES (434,'Toni',NULL,'MacCurlye','413-814-9301','2022-01-21 07:23:41',false,true);
INSERT INTO Customer(cust_id,cust_first_name,cust_middle_name,cust_last_name,cust_phone_num,join_date,ord_cust_flag,silver_mem_flag) VALUES (278,'Nicko',NULL,'Worsnop','601-339-5990','2022-03-14 22:19:07',true,false);
INSERT INTO Customer(cust_id,cust_first_name,cust_middle_name,cust_last_name,cust_phone_num,join_date,ord_cust_flag,silver_mem_flag) VALUES (904,'Rosene','Terri-jo','Pollicote','716-185-5358','2022-09-12 12:58:44',false,true);
INSERT INTO Customer(cust_id,cust_first_name,cust_middle_name,cust_last_name,cust_phone_num,join_date,ord_cust_flag,silver_mem_flag) VALUES (333,'Kinnie','Morissa','Djordjevic','627-416-6283','2022-07-02 09:40:22',true,false);
INSERT INTO Customer(cust_id,cust_first_name,cust_middle_name,cust_last_name,cust_phone_num,join_date,ord_cust_flag,silver_mem_flag) VALUES (129,'Allsun',NULL,'Ramsden','461-162-7931','2022-10-17 22:22:03',false,true);

INSERT INTO CustomerAddress(cust_id,delivery_addr) VALUES (413,'45 Jenna Avenue');
INSERT INTO CustomerAddress(cust_id,delivery_addr) VALUES (266,'44 Northview Circle');
INSERT INTO CustomerAddress(cust_id,delivery_addr) VALUES (794,'451 Westridge Park');
INSERT INTO CustomerAddress(cust_id,delivery_addr) VALUES (737,'1175 Fremont Crossing');
INSERT INTO CustomerAddress(cust_id,delivery_addr) VALUES (532,'64 Summerview Point');
INSERT INTO CustomerAddress(cust_id,delivery_addr) VALUES (998,'55384 Lyons Plaza');
INSERT INTO CustomerAddress(cust_id,delivery_addr) VALUES (388,'9 Elka Drive');
INSERT INTO CustomerAddress(cust_id,delivery_addr) VALUES (944,'727 Lillian Point');
INSERT INTO CustomerAddress(cust_id,delivery_addr) VALUES (609,'9 Dottie Lane');
INSERT INTO CustomerAddress(cust_id,delivery_addr) VALUES (876,'123 Fordem Court');
INSERT INTO CustomerAddress(cust_id,delivery_addr) VALUES (591,'1 Monterey Circle');
INSERT INTO CustomerAddress(cust_id,delivery_addr) VALUES (601,'4841 Hoard Road');
INSERT INTO CustomerAddress(cust_id,delivery_addr) VALUES (496,'54310 Bartillon Street');
INSERT INTO CustomerAddress(cust_id,delivery_addr) VALUES (610,'3410 Duke Circle');
INSERT INTO CustomerAddress(cust_id,delivery_addr) VALUES (435,'42374 North Way');
INSERT INTO CustomerAddress(cust_id,delivery_addr) VALUES (751,'5532 Sutherland Hill');
INSERT INTO CustomerAddress(cust_id,delivery_addr) VALUES (735,'82142 Jenifer Center');
INSERT INTO CustomerAddress(cust_id,delivery_addr) VALUES (920,'4007 Corben Circle');
INSERT INTO CustomerAddress(cust_id,delivery_addr) VALUES (507,'3422 Bartillon Circle');
INSERT INTO CustomerAddress(cust_id,delivery_addr) VALUES (296,'8946 Nelson Park');
INSERT INTO CustomerAddress(cust_id,delivery_addr) VALUES (728,'02219 Loftsgordon Crossing');
INSERT INTO CustomerAddress(cust_id,delivery_addr) VALUES (830,'97676 Novick Terrace');
INSERT INTO CustomerAddress(cust_id,delivery_addr) VALUES (384,'83422 Pine View Lane');
INSERT INTO CustomerAddress(cust_id,delivery_addr) VALUES (472,'1636 Bluestem Avenue');
INSERT INTO CustomerAddress(cust_id,delivery_addr) VALUES (324,'086 Luster Street');
INSERT INTO CustomerAddress(cust_id,delivery_addr) VALUES (434,'28 Barnett Alley');
INSERT INTO CustomerAddress(cust_id,delivery_addr) VALUES (278,'506 Lillian Place');
INSERT INTO CustomerAddress(cust_id,delivery_addr) VALUES (904,'89198 Reindahl Court');
INSERT INTO CustomerAddress(cust_id,delivery_addr) VALUES (333,'789 Troy Drive');
INSERT INTO CustomerAddress(cust_id,delivery_addr) VALUES (129,'548 Meadow Valley Pass');
INSERT INTO CustomerAddress(cust_id,delivery_addr) VALUES (413,'6 Roxbury Place');
INSERT INTO CustomerAddress(cust_id,delivery_addr) VALUES (266,'66451 Bunker Hill Parkway');
INSERT INTO CustomerAddress(cust_id,delivery_addr) VALUES (794,'55 Columbus Way');
INSERT INTO CustomerAddress(cust_id,delivery_addr) VALUES (737,'05 Menomonie Junction');
INSERT INTO CustomerAddress(cust_id,delivery_addr) VALUES (532,'65004 Lawn Place');
INSERT INTO CustomerAddress(cust_id,delivery_addr) VALUES (998,'61 Merchant Center');
INSERT INTO CustomerAddress(cust_id,delivery_addr) VALUES (388,'89 Badeau Way');
INSERT INTO CustomerAddress(cust_id,delivery_addr) VALUES (944,'71271 Shoshone Avenue');
INSERT INTO CustomerAddress(cust_id,delivery_addr) VALUES (609,'93 Huxley Point');
INSERT INTO CustomerAddress(cust_id,delivery_addr) VALUES (876,'82779 Brown Alley');

INSERT INTO OrdinaryCustomer(ord_mem_id)
SELECT cust_id
FROM Customer
WHERE ord_cust_flag = true;

INSERT INTO PremiumMember(pre_mem_id,meal_pass_id,pass_start_date,expiration_date) VALUES (2244,6872023635,'2022-09-24 19:21:23','2023-06-13 14:42:37');
INSERT INTO PremiumMember(pre_mem_id,meal_pass_id,pass_start_date,expiration_date) VALUES (6433,2095941373,'2022-07-11 15:20:57','2023-08-09 13:25:55');
INSERT INTO PremiumMember(pre_mem_id,meal_pass_id,pass_start_date,expiration_date) VALUES (4685,6092290480,'2022-06-19 13:39:11','2023-11-02 20:57:47');
INSERT INTO PremiumMember(pre_mem_id,meal_pass_id,pass_start_date,expiration_date) VALUES (3609,0007879172,'2022-08-05 15:44:50','2023-10-30 22:25:49');
INSERT INTO PremiumMember(pre_mem_id,meal_pass_id,pass_start_date,expiration_date) VALUES (9256,7729903008,'2022-08-21 00:04:46','2023-01-27 11:26:06');
INSERT INTO PremiumMember(pre_mem_id,meal_pass_id,pass_start_date,expiration_date) VALUES (5492,1936992809,'2022-09-05 15:04:16','2023-03-25 10:54:55');
INSERT INTO PremiumMember(pre_mem_id,meal_pass_id,pass_start_date,expiration_date) VALUES (3542,3447801417,'2022-06-25 05:14:42','2023-05-13 19:43:44');
INSERT INTO PremiumMember(pre_mem_id,meal_pass_id,pass_start_date,expiration_date) VALUES (9113,8076327024,'2022-01-07 13:41:16','2023-11-13 05:59:22');
INSERT INTO PremiumMember(pre_mem_id,meal_pass_id,pass_start_date,expiration_date) VALUES (7022,6917718661,'2022-05-11 10:17:02','2023-02-21 16:19:14');
INSERT INTO PremiumMember(pre_mem_id,meal_pass_id,pass_start_date,expiration_date) VALUES (3252,9365977711,'2022-02-02 18:56:11','2023-06-08 08:15:53');
INSERT INTO PremiumMember(pre_mem_id,meal_pass_id,pass_start_date,expiration_date) VALUES (2298,0539769940,'2022-07-03 11:29:02','2023-04-06 10:24:00');
INSERT INTO PremiumMember(pre_mem_id,meal_pass_id,pass_start_date,expiration_date) VALUES (8691,2922167704,'2022-09-17 17:27:04','2023-10-25 21:55:03');
INSERT INTO PremiumMember(pre_mem_id,meal_pass_id,pass_start_date,expiration_date) VALUES (1325,3985588805,'2022-04-04 06:04:45','2023-07-12 04:12:04');
INSERT INTO PremiumMember(pre_mem_id,meal_pass_id,pass_start_date,expiration_date) VALUES (4309,8524706813,'2022-10-24 11:29:58','2022-12-06 17:47:01');
INSERT INTO PremiumMember(pre_mem_id,meal_pass_id,pass_start_date,expiration_date) VALUES (2130,9427914521,'2022-04-07 12:51:48','2023-08-09 23:27:03');
INSERT INTO PremiumMember(pre_mem_id,meal_pass_id,pass_start_date,expiration_date) VALUES (2317,1753847141,'2022-04-05 03:53:46','2023-06-07 20:23:34');
INSERT INTO PremiumMember(pre_mem_id,meal_pass_id,pass_start_date,expiration_date) VALUES (5601,0793571219,'2022-01-08 04:17:41','2023-02-19 09:44:04');
INSERT INTO PremiumMember(pre_mem_id,meal_pass_id,pass_start_date,expiration_date) VALUES (5297,2874804010,'2022-02-26 07:40:43','2023-04-29 15:18:26');
INSERT INTO PremiumMember(pre_mem_id,meal_pass_id,pass_start_date,expiration_date) VALUES (2977,5444276321,'2022-05-31 23:14:58','2023-08-25 06:43:24');
INSERT INTO PremiumMember(pre_mem_id,meal_pass_id,pass_start_date,expiration_date) VALUES (9900,3320463365,'2022-11-07 05:40:49','2023-03-01 01:28:45');
INSERT INTO PremiumMember(pre_mem_id,meal_pass_id,pass_start_date,expiration_date) VALUES (9047,7238741539,'2022-06-20 03:01:15','2023-04-02 11:03:25');
INSERT INTO PremiumMember(pre_mem_id,meal_pass_id,pass_start_date,expiration_date) VALUES (7867,8185190534,'2022-02-07 13:36:04','2023-10-09 22:12:15');
INSERT INTO PremiumMember(pre_mem_id,meal_pass_id,pass_start_date,expiration_date) VALUES (8860,4211820974,'2022-09-09 01:43:44','2023-10-22 20:48:05');

INSERT INTO SilverMember(silver_mem_id)
SELECT cust_id
FROM Customer
WHERE silver_mem_flag = true;

UPDATE SilverMember SET pre_mem_id = 2244 WHERE silver_mem_id = 129;
UPDATE SilverMember SET pre_mem_id = 6433 WHERE silver_mem_id = 296;
UPDATE SilverMember SET pre_mem_id = 4685 WHERE silver_mem_id = 324;
UPDATE SilverMember SET pre_mem_id = 3609 WHERE silver_mem_id = 388;
UPDATE SilverMember SET pre_mem_id = 9256 WHERE silver_mem_id = 413;
UPDATE SilverMember SET pre_mem_id = 5492 WHERE silver_mem_id = 434;
UPDATE SilverMember SET pre_mem_id = 3542 WHERE silver_mem_id = 472;
UPDATE SilverMember SET pre_mem_id = 9113 WHERE silver_mem_id = 532;

INSERT INTO Employee(emp_Id,emp_first_name,emp_middle_name,emp_last_name,emp_phone_num,start_date,emp_addr,dob,gender,pre_mem_id) VALUES (928,'Nappy',NULL,'Moralis','450-639-8711','2022-08-28 13:24:29','0866 Spohn Avenue','1993-06-06 13:31:20','Male',7022);
INSERT INTO Employee(emp_Id,emp_first_name,emp_middle_name,emp_last_name,emp_phone_num,start_date,emp_addr,dob,gender,pre_mem_id) VALUES (723,'Vita',NULL,'Decroix','481-333-0491','2022-01-31 05:34:21','8114 Sunnyside Avenue','1968-10-18 22:10:21','Female',3252);
INSERT INTO Employee(emp_Id,emp_first_name,emp_middle_name,emp_last_name,emp_phone_num,start_date,emp_addr,dob,gender,pre_mem_id) VALUES (820,'Harley','Aharon','Nestoruk','907-519-6472','2022-05-11 13:10:20','8 Algoma Center','1973-07-19 15:38:49','Male',2298);
INSERT INTO Employee(emp_Id,emp_first_name,emp_middle_name,emp_last_name,emp_phone_num,start_date,emp_addr,dob,gender,pre_mem_id) VALUES (466,'Farlee','Heindrick','Thorogood','713-577-9322','2022-01-02 14:21:25','5124 Doe Crossing Terrace','1998-08-30 03:46:01','Male',8691);
INSERT INTO Employee(emp_Id,emp_first_name,emp_middle_name,emp_last_name,emp_phone_num,start_date,emp_addr,dob,gender,pre_mem_id) VALUES (212,'Timotheus','Randall','Meates','538-253-5434','2022-11-13 23:31:57','18 Saint Paul Street','1975-11-02 16:34:59','Male',1325);
INSERT INTO Employee(emp_Id,emp_first_name,emp_middle_name,emp_last_name,emp_phone_num,start_date,emp_addr,dob,gender,pre_mem_id) VALUES (298,'Guilbert',NULL,'Ritchley','685-551-1799','2022-06-18 10:23:16','4329 Bultman Alley','1969-03-16 09:51:06','Male',4309);
INSERT INTO Employee(emp_Id,emp_first_name,emp_middle_name,emp_last_name,emp_phone_num,start_date,emp_addr,dob,gender,pre_mem_id) VALUES (487,'Redford',NULL,'Kellen','167-118-8433','2022-07-05 02:49:11','5 Ridgeway Hill','1963-08-17 09:37:32','Male',2130);
INSERT INTO Employee(emp_Id,emp_first_name,emp_middle_name,emp_last_name,emp_phone_num,start_date,emp_addr,dob,gender,pre_mem_id) VALUES (643,'Eileen',NULL,'Melton','342-633-7991','2021-12-14 19:18:32','3285 Forest Dale Road','1996-11-09 16:14:37','Female',2317);
INSERT INTO Employee(emp_Id,emp_first_name,emp_middle_name,emp_last_name,emp_phone_num,start_date,emp_addr,dob,gender,pre_mem_id) VALUES (113,'Dorie','Ginny','Dutteridge','107-302-3298','2022-09-24 10:39:30','437 Lunder Trail','1965-09-23 18:03:45','Female',5601);
INSERT INTO Employee(emp_Id,emp_first_name,emp_middle_name,emp_last_name,emp_phone_num,start_date,emp_addr,dob,gender,pre_mem_id) VALUES (209,'Emile',NULL,'Dollard','718-225-4913','2021-12-19 17:46:17','68 Hudson Drive','1971-01-20 01:48:33','Male',5297);
INSERT INTO Employee(emp_Id,emp_first_name,emp_middle_name,emp_last_name,emp_phone_num,start_date,emp_addr,dob,gender,pre_mem_id) VALUES (332,'Nicola',NULL,'Braker','586-834-9896','2022-10-31 08:16:56','06403 Briar Crest Place','1958-01-17 16:53:04','Male',2977);
INSERT INTO Employee(emp_Id,emp_first_name,emp_middle_name,emp_last_name,emp_phone_num,start_date,emp_addr,dob,gender,pre_mem_id) VALUES (921,'Florencia','Marin','Mulhall','666-500-0101','2022-04-30 10:02:24','6 Dayton Trail','1973-10-22 01:59:05','Female',9900);
INSERT INTO Employee(emp_Id,emp_first_name,emp_middle_name,emp_last_name,emp_phone_num,start_date,emp_addr,dob,gender,pre_mem_id) VALUES (229,'Yovonnda','Helli','Wallen','614-112-1166','2022-04-25 17:10:56','72 Carpenter Trail','1971-07-09 14:34:33','Female',9047);
INSERT INTO Employee(emp_Id,emp_first_name,emp_middle_name,emp_last_name,emp_phone_num,start_date,emp_addr,dob,gender,pre_mem_id) VALUES (333,'Leicester',NULL,'Rosenhaus','969-619-8118','2022-11-17 09:25:47','7 Mariners Cove Plaza','2004-04-25 09:38:42','Male',7867);
INSERT INTO Employee(emp_Id,emp_first_name,emp_middle_name,emp_last_name,emp_phone_num,start_date,emp_addr,dob,gender,pre_mem_id) VALUES (616,'Natasha',NULL,'Riepl','834-175-6920','2022-06-10 02:14:09','0606 Sage Court','1988-06-15 03:39:47','Female',8860);
INSERT INTO Employee(emp_Id,emp_first_name,emp_middle_name,emp_last_name,emp_phone_num,start_date,emp_addr,dob,gender,pre_mem_id) VALUES (809,'Royal',NULL,'Cartmael','266-929-0357','2022-01-19 21:59:02','3 Emmet Circle','1963-06-25 21:44:48','Male',NULL);
INSERT INTO Employee(emp_Id,emp_first_name,emp_middle_name,emp_last_name,emp_phone_num,start_date,emp_addr,dob,gender,pre_mem_id) VALUES (474,'Isaac',NULL,'Norwood','802-979-7952','2022-06-22 06:47:30','84688 Transport Pass','1985-01-16 20:22:19','Male',NULL);
INSERT INTO Employee(emp_Id,emp_first_name,emp_middle_name,emp_last_name,emp_phone_num,start_date,emp_addr,dob,gender,pre_mem_id) VALUES (456,'Perice','Rafe','Lossman','438-902-9298','2022-10-30 08:17:27','1 Iowa Park','1996-06-27 21:35:04','Male',NULL);
INSERT INTO Employee(emp_Id,emp_first_name,emp_middle_name,emp_last_name,emp_phone_num,start_date,emp_addr,dob,gender,pre_mem_id) VALUES (991,'Sylvan','Lalo','Sponder','603-276-1186','2022-04-28 00:45:15','3 Badeau Drive','1979-01-18 20:56:54','Male',NULL);
INSERT INTO Employee(emp_Id,emp_first_name,emp_middle_name,emp_last_name,emp_phone_num,start_date,emp_addr,dob,gender,pre_mem_id) VALUES (485,'Merilyn','Katerina','Heustace','447-133-0367','2022-10-07 02:36:26','094 Vidon Road','1979-06-16 11:03:40','Female',NULL);
INSERT INTO Employee(emp_Id,emp_first_name,emp_middle_name,emp_last_name,emp_phone_num,start_date,emp_addr,dob,gender,pre_mem_id) VALUES (903,'Christie','Glory','Bold','961-339-0729','2022-01-03 06:09:58','91769 Saint Paul Way','1964-07-03 15:52:27','Female',NULL);
INSERT INTO Employee(emp_Id,emp_first_name,emp_middle_name,emp_last_name,emp_phone_num,start_date,emp_addr,dob,gender,pre_mem_id) VALUES (618,'Bartel','Byram','North','958-663-5639','2022-08-01 22:25:10','7815 Ronald Regan Pass','1968-11-30 14:07:50','Male',NULL);
INSERT INTO Employee(emp_Id,emp_first_name,emp_middle_name,emp_last_name,emp_phone_num,start_date,emp_addr,dob,gender,pre_mem_id) VALUES (581,'Madelin',NULL,'McMeeking','252-696-2169','2022-03-20 01:30:40','06 Artisan Drive','1984-12-09 05:49:03','Female',NULL);
INSERT INTO Employee(emp_Id,emp_first_name,emp_middle_name,emp_last_name,emp_phone_num,start_date,emp_addr,dob,gender,pre_mem_id) VALUES (993,'Leoline',NULL,'Skate','541-205-4323','2022-06-06 04:32:42','8 Monterey Pass','1980-10-28 07:27:35','Female',NULL);
INSERT INTO Employee(emp_Id,emp_first_name,emp_middle_name,emp_last_name,emp_phone_num,start_date,emp_addr,dob,gender,pre_mem_id) VALUES (851,'Alvin','Parrnell','Batha','504-368-9826','2022-10-02 22:44:48','4692 Lyons Circle','1973-01-22 04:19:46','Male',NULL);
INSERT INTO Employee(emp_Id,emp_first_name,emp_middle_name,emp_last_name,emp_phone_num,start_date,emp_addr,dob,gender,pre_mem_id) VALUES (221,'Emelia','Winna','Vondracek','374-544-4412','2022-08-27 10:55:20','3 Harbort Alley','1985-02-20 13:17:08','Female',NULL);
INSERT INTO Employee(emp_Id,emp_first_name,emp_middle_name,emp_last_name,emp_phone_num,start_date,emp_addr,dob,gender,pre_mem_id) VALUES (603,'Joannes',NULL,'Stiggers','553-392-1663','2022-08-01 08:34:40','4968 Thackeray Parkway','1964-11-17 09:49:17','Female',NULL);
INSERT INTO Employee(emp_Id,emp_first_name,emp_middle_name,emp_last_name,emp_phone_num,start_date,emp_addr,dob,gender,pre_mem_id) VALUES (620,'Giuseppe','Ryon','Yude','348-294-6992','2022-11-20 22:35:10','814 Kipling Junction','2002-10-27 20:55:32','Male',NULL);
INSERT INTO Employee(emp_Id,emp_first_name,emp_middle_name,emp_last_name,emp_phone_num,start_date,emp_addr,dob,gender,pre_mem_id) VALUES (874,'Stu',NULL,'Ramsted','102-527-9591','2022-01-27 08:25:22','121 Onsgard Road','1970-06-23 16:17:30','Male',NULL);
INSERT INTO Employee(emp_Id,emp_first_name,emp_middle_name,emp_last_name,emp_phone_num,start_date,emp_addr,dob,gender,pre_mem_id) VALUES (754,'Nick',NULL,'Vedntyev','705-473-9731','2022-02-14 03:33:57','8 Ohio Street','1989-02-22 17:48:28','Male',NULL);

INSERT INTO EmployeePhone(emp_id,emp_phone_num) VALUES (113,'673-616-3159');
INSERT INTO EmployeePhone(emp_id,emp_phone_num) VALUES (620,'211-998-9472');
INSERT INTO EmployeePhone(emp_id,emp_phone_num) VALUES (809,'602-434-3161');
INSERT INTO EmployeePhone(emp_id,emp_phone_num) VALUES (485,'734-771-8933');
INSERT INTO EmployeePhone(emp_id,emp_phone_num) VALUES (466,'688-962-8917');
INSERT INTO EmployeePhone(emp_id,emp_phone_num) VALUES (618,'388-654-3915');
INSERT INTO EmployeePhone(emp_id,emp_phone_num) VALUES (991,'946-914-7810');
INSERT INTO EmployeePhone(emp_id,emp_phone_num) VALUES (209,'437-284-3783');
INSERT INTO EmployeePhone(emp_id,emp_phone_num) VALUES (456,'731-487-1730');
INSERT INTO EmployeePhone(emp_id,emp_phone_num) VALUES (487,'187-114-3620');
INSERT INTO EmployeePhone(emp_id,emp_phone_num) VALUES (754,'713-234-8358');
INSERT INTO EmployeePhone(emp_id,emp_phone_num) VALUES (851,'145-191-7669');
INSERT INTO EmployeePhone(emp_id,emp_phone_num) VALUES (209,'696-443-3123');
INSERT INTO EmployeePhone(emp_id,emp_phone_num) VALUES (603,'140-871-4098');
INSERT INTO EmployeePhone(emp_id,emp_phone_num) VALUES (487,'320-868-9116');
INSERT INTO EmployeePhone(emp_id,emp_phone_num) VALUES (113,'683-587-8661');
INSERT INTO EmployeePhone(emp_id,emp_phone_num) VALUES (851,'461-435-6940');
INSERT INTO EmployeePhone(emp_id,emp_phone_num) VALUES (616,'545-950-2909');
INSERT INTO EmployeePhone(emp_id,emp_phone_num) VALUES (643,'255-770-1398');
INSERT INTO EmployeePhone(emp_id,emp_phone_num) VALUES (851,'731-273-6512');
INSERT INTO EmployeePhone(emp_id,emp_phone_num) VALUES (603,'257-825-1717');
INSERT INTO EmployeePhone(emp_id,emp_phone_num) VALUES (993,'663-939-4935');
INSERT INTO EmployeePhone(emp_id,emp_phone_num) VALUES (212,'829-778-7176');
INSERT INTO EmployeePhone(emp_id,emp_phone_num) VALUES (485,'562-214-0551');
INSERT INTO EmployeePhone(emp_id,emp_phone_num) VALUES (581,'549-473-1387');
INSERT INTO EmployeePhone(emp_id,emp_phone_num) VALUES (754,'933-728-6326');
INSERT INTO EmployeePhone(emp_id,emp_phone_num) VALUES (921,'799-914-5257');
INSERT INTO EmployeePhone(emp_id,emp_phone_num) VALUES (991,'361-257-7240');
INSERT INTO EmployeePhone(emp_id,emp_phone_num) VALUES (466,'410-103-7682');
INSERT INTO EmployeePhone(emp_id,emp_phone_num) VALUES (991,'963-930-9222');
INSERT INTO EmployeePhone(emp_id,emp_phone_num) VALUES (921,'535-179-9948');
INSERT INTO EmployeePhone(emp_id,emp_phone_num) VALUES (874,'514-882-1473');
INSERT INTO EmployeePhone(emp_id,emp_phone_num) VALUES (298,'306-467-2212');
INSERT INTO EmployeePhone(emp_id,emp_phone_num) VALUES (874,'409-146-0090');
INSERT INTO EmployeePhone(emp_id,emp_phone_num) VALUES (332,'330-708-2856');
INSERT INTO EmployeePhone(emp_id,emp_phone_num) VALUES (993,'751-447-3456');
INSERT INTO EmployeePhone(emp_id,emp_phone_num) VALUES (456,'390-968-9227');
INSERT INTO EmployeePhone(emp_id,emp_phone_num) VALUES (298,'268-119-1423');
INSERT INTO EmployeePhone(emp_id,emp_phone_num) VALUES (229,'393-966-3324');
INSERT INTO EmployeePhone(emp_id,emp_phone_num) VALUES (991,'750-248-5223');

INSERT INTO Staff(staff_id) VALUES (928);
INSERT INTO Staff(staff_id) VALUES (723);
INSERT INTO Staff(staff_id) VALUES (820);
INSERT INTO Staff(staff_id) VALUES (466);
INSERT INTO Staff(staff_id) VALUES (212);
INSERT INTO Staff(staff_id) VALUES (298);
INSERT INTO Staff(staff_id) VALUES (487);
INSERT INTO Staff(staff_id) VALUES (643);
INSERT INTO Staff(staff_id) VALUES (113);
INSERT INTO Staff(staff_id) VALUES (209);

INSERT INTO AreaManager(area_man_id,work_area) VALUES (332,'Enjiang');
INSERT INTO AreaManager(area_man_id,work_area) VALUES (921,'Oslo');
INSERT INTO AreaManager(area_man_id,work_area) VALUES (229,'Dugulubgey');
INSERT INTO AreaManager(area_man_id,work_area) VALUES (333,'Terjan');
INSERT INTO AreaManager(area_man_id,work_area) VALUES (616,'Jayapura');
INSERT INTO AreaManager(area_man_id,work_area) VALUES (809,'Mutsu');
INSERT INTO AreaManager(area_man_id,work_area) VALUES (474,'Guofu');

INSERT INTO Deliverer(deliverer_id,area_man_id) VALUES (456,332);
INSERT INTO Deliverer(deliverer_id,area_man_id) VALUES (991,921);
INSERT INTO Deliverer(deliverer_id,area_man_id) VALUES (485,229);
INSERT INTO Deliverer(deliverer_id,area_man_id) VALUES (903,333);
INSERT INTO Deliverer(deliverer_id,area_man_id) VALUES (618,616);
INSERT INTO Deliverer(deliverer_id,area_man_id) VALUES (581,809);
INSERT INTO Deliverer(deliverer_id,area_man_id) VALUES (993,474);
INSERT INTO Deliverer(deliverer_id,area_man_id) VALUES (851,332);
INSERT INTO Deliverer(deliverer_id,area_man_id) VALUES (221,921);
INSERT INTO Deliverer(deliverer_id,area_man_id) VALUES (603,229);
INSERT INTO Deliverer(deliverer_id,area_man_id) VALUES (620,333);
INSERT INTO Deliverer(deliverer_id,area_man_id) VALUES (874,229);
INSERT INTO Deliverer(deliverer_id,area_man_id) VALUES (754,229);

INSERT INTO Vehicle(plate_num,maker,model,color,deliverer_id) VALUES ('ERY-8792','Pontiac','Firebird','Turquoise',456);
INSERT INTO Vehicle(plate_num,maker,model,color,deliverer_id) VALUES ('EYU-8249','Lincoln','Zephyr','Fuscia',991);
INSERT INTO Vehicle(plate_num,maker,model,color,deliverer_id) VALUES ('MMG-1209','BMW','530','Teal',485);
INSERT INTO Vehicle(plate_num,maker,model,color,deliverer_id) VALUES ('DJY-3614','Land Rover','Discovery','Orange',903);
INSERT INTO Vehicle(plate_num,maker,model,color,deliverer_id) VALUES ('IOV-5462','Infiniti','Q','Khaki',618);
INSERT INTO Vehicle(plate_num,maker,model,color,deliverer_id) VALUES ('BKG-1699','Pontiac','Sunbird','Khaki',581);
INSERT INTO Vehicle(plate_num,maker,model,color,deliverer_id) VALUES ('AXF-6281','Dodge','Colt','Blue',851);
INSERT INTO Vehicle(plate_num,maker,model,color,deliverer_id) VALUES ('XQP-7208','Toyota','Venza','Red',993);
INSERT INTO Vehicle(plate_num,maker,model,color,deliverer_id) VALUES ('QQI-6170','Dodge','Neon','Teal',221);
INSERT INTO Vehicle(plate_num,maker,model,color,deliverer_id) VALUES ('BLT-2807','BMW','530','Turquoise',603);
INSERT INTO Vehicle(plate_num,maker,model,color,deliverer_id) VALUES ('BKH-5326','Lexus','SC','Fuscia',620);
INSERT INTO Vehicle(plate_num,maker,model,color,deliverer_id) VALUES ('IRZ-6932','Dodge','Dynasty','Goldenrod',874);
INSERT INTO Vehicle(plate_num,maker,model,color,deliverer_id) VALUES ('BXT-7015','Mercedes-Benz','W126','Violet',754);
INSERT INTO Vehicle(plate_num,maker,model,color,deliverer_id) VALUES ('UPQ-5287','Lamborghini','Gallardo','Pink',456);
INSERT INTO Vehicle(plate_num,maker,model,color,deliverer_id) VALUES ('AMK-1882','Pontiac','Grand Prix','Yellow',991);

INSERT INTO MemberCard(card_id,issue_date,silver_mem_id,issued_by) VALUES (360603876,'2022-11-10 15:54:16',601,928);
INSERT INTO MemberCard(card_id,issue_date,silver_mem_id,issued_by) VALUES (599221336,'2022-02-10 02:40:18',610,723);
INSERT INTO MemberCard(card_id,issue_date,silver_mem_id,issued_by) VALUES (720403197,'2022-04-13 00:35:08',751,820);
INSERT INTO MemberCard(card_id,issue_date,silver_mem_id,issued_by) VALUES (605717409,'2022-05-14 07:36:05',794,466);
INSERT INTO MemberCard(card_id,issue_date,silver_mem_id,issued_by) VALUES (071105937,'2021-12-29 18:00:23',830,212);
INSERT INTO MemberCard(card_id,issue_date,silver_mem_id,issued_by) VALUES (717847377,'2022-10-27 21:26:22',876,298);
INSERT INTO MemberCard(card_id,issue_date,silver_mem_id,issued_by) VALUES (230787300,'2022-10-26 06:31:53',904,487);
INSERT INTO MemberCard(card_id,issue_date,silver_mem_id,issued_by) VALUES (690691298,'2022-06-04 00:38:55',944,643);
INSERT INTO MemberCard(card_id,issue_date,silver_mem_id,issued_by) VALUES (053386035,'2022-05-22 23:47:35',129,113);
INSERT INTO MemberCard(card_id,issue_date,silver_mem_id,issued_by) VALUES (288600223,'2022-02-16 09:50:25',472,209);
INSERT INTO MemberCard(card_id,issue_date,silver_mem_id,issued_by) VALUES (012990627,'2022-04-28 08:13:28',388,212);
INSERT INTO MemberCard(card_id,issue_date,silver_mem_id,issued_by) VALUES (638540064,'2022-05-17 00:06:58',324,298);
INSERT INTO MemberCard(card_id,issue_date,silver_mem_id,issued_by) VALUES (150801842,'2022-11-10 05:19:21',434,487);
INSERT INTO MemberCard(card_id,issue_date,silver_mem_id,issued_by) VALUES (749677666,'2022-03-26 05:01:22',296,643);
INSERT INTO MemberCard(card_id,issue_date,silver_mem_id,issued_by) VALUES (422179870,'2022-03-25 07:14:00',532,113);
INSERT INTO MemberCard(card_id,issue_date,silver_mem_id,issued_by) VALUES (866371883,'2022-05-23 15:40:11',413,209);

INSERT INTO Shop(shop_id,shop_name,shop_addr,bus_phone_num,area_man_id) VALUES (0906,'Miboo','20 Dawn Pass','898-184-8212',332);
INSERT INTO Shop(shop_id,shop_name,shop_addr,bus_phone_num,area_man_id) VALUES (0954,'Quamba','0129 Sachs Lane','182-621-6683',921);
INSERT INTO Shop(shop_id,shop_name,shop_addr,bus_phone_num,area_man_id) VALUES (0633,'Fatz','0 Vahlen Lane','273-434-1276',229);
INSERT INTO Shop(shop_id,shop_name,shop_addr,bus_phone_num,area_man_id) VALUES (0098,'Jetpulse','0 Tennyson Lane','947-947-4103',333);
INSERT INTO Shop(shop_id,shop_name,shop_addr,bus_phone_num,area_man_id) VALUES (0729,'Jabberstorm','45998 Kings Point','916-367-5889',616);
INSERT INTO Shop(shop_id,shop_name,shop_addr,bus_phone_num,area_man_id) VALUES (0514,'Flashset','4631 Muir Place','902-566-0387',809);
INSERT INTO Shop(shop_id,shop_name,shop_addr,bus_phone_num,area_man_id) VALUES (0328,'Twitterbeat','5080 Carey Center','367-595-4253',474);
INSERT INTO Shop(shop_id,shop_name,shop_addr,bus_phone_num,area_man_id) VALUES (0701,'Rhybox','64056 Bunker Hill Way','578-342-1886',332);
INSERT INTO Shop(shop_id,shop_name,shop_addr,bus_phone_num,area_man_id) VALUES (0076,'Zazio','08 Bashford Road','175-959-2350',921);
INSERT INTO Shop(shop_id,shop_name,shop_addr,bus_phone_num,area_man_id) VALUES (0752,'Demimbu','89250 Gerald Way','267-865-7311',229);
INSERT INTO Shop(shop_id,shop_name,shop_addr,bus_phone_num,area_man_id) VALUES (0210,'Youspan','62352 Hermina Lane','407-270-2469',333);
INSERT INTO Shop(shop_id,shop_name,shop_addr,bus_phone_num,area_man_id) VALUES (0067,'Latz','823 Heath Park','836-171-2489',616);
INSERT INTO Shop(shop_id,shop_name,shop_addr,bus_phone_num,area_man_id) VALUES (0939,'Oyonder','55 Gateway Trail','790-892-7611',809);
INSERT INTO Shop(shop_id,shop_name,shop_addr,bus_phone_num,area_man_id) VALUES (0876,'Zoonoodle','023 Florence Avenue','287-171-6459',474);
INSERT INTO Shop(shop_id,shop_name,shop_addr,bus_phone_num,area_man_id) VALUES (0786,'Twitterworks','33372 Mifflin Center','987-827-2007',332);
INSERT INTO Shop(shop_id,shop_name,shop_addr,bus_phone_num,area_man_id) VALUES (0370,'Blogspan','31504 Buhler Avenue','240-846-6321',921);
INSERT INTO Shop(shop_id,shop_name,shop_addr,bus_phone_num,area_man_id) VALUES (0057,'Photobean','299 Mayfield Drive','876-897-4832',229);
INSERT INTO Shop(shop_id,shop_name,shop_addr,bus_phone_num,area_man_id) VALUES (0722,'Riffpedia','6838 Northwestern Parkway','181-300-7929',333);
INSERT INTO Shop(shop_id,shop_name,shop_addr,bus_phone_num,area_man_id) VALUES (0165,'Dazzlesphere','1412 Texas Street','654-889-5722',616);
INSERT INTO Shop(shop_id,shop_name,shop_addr,bus_phone_num,area_man_id) VALUES (0260,'Janyx','8573 Susan Plaza','733-425-2982',809);

INSERT INTO Orders(ord_id,ord_contents,ord_subtotals,pay_confirm_num,pay_type,pay_time,cust_id,shop_id) VALUES (54864037,'Crab - Meat',40.06,'4234039047','mastercard','2022-11-06 00:00:06',998,0906);
INSERT INTO Orders(ord_id,ord_contents,ord_subtotals,pay_confirm_num,pay_type,pay_time,cust_id,shop_id) VALUES (66829326,'Irish Cream - Baileys',75.05,'8025306801','mastercard','2022-09-25 15:46:55',920,0876);
INSERT INTO Orders(ord_id,ord_contents,ord_subtotals,pay_confirm_num,pay_type,pay_time,cust_id,shop_id) VALUES (40615069,'Table Cloth 81x81 Colour',23.59,'2269013778','mastercard','2022-08-23 01:50:17',728,0906);
INSERT INTO Orders(ord_id,ord_contents,ord_subtotals,pay_confirm_num,pay_type,pay_time,cust_id,shop_id) VALUES (12308872,'Carrots - Mini, Stem On',20.96,'7644884890','mastercard','2022-05-21 00:48:01',601,0786);
INSERT INTO Orders(ord_id,ord_contents,ord_subtotals,pay_confirm_num,pay_type,pay_time,cust_id,shop_id) VALUES (43655173,'Edible Flower - Mixed',67.06,'2514033438','mastercard','2022-04-17 03:33:06',751,0876);
INSERT INTO Orders(ord_id,ord_contents,ord_subtotals,pay_confirm_num,pay_type,pay_time,cust_id,shop_id) VALUES (31088059,'Wine - Balbach Riverside',11.02,'0115772251','mastercard','2022-11-11 15:17:34',601,0370);
INSERT INTO Orders(ord_id,ord_contents,ord_subtotals,pay_confirm_num,pay_type,pay_time,cust_id,shop_id) VALUES (86119759,'Crawfish',36.23,'5401257635','mastercard','2022-08-15 04:48:13',333,0067);
INSERT INTO Orders(ord_id,ord_contents,ord_subtotals,pay_confirm_num,pay_type,pay_time,cust_id,shop_id) VALUES (53645750,'Bread - Rosemary Focaccia',62.94,'0900121157','mastercard','2022-03-09 00:27:00',472,0906);
INSERT INTO Orders(ord_id,ord_contents,ord_subtotals,pay_confirm_num,pay_type,pay_time,cust_id,shop_id) VALUES (99037630,'Lemonade - Black Cherry, 591 Ml',13.02,'2548427374','mastercard','2021-12-03 18:49:09',278,0514);
INSERT INTO Orders(ord_id,ord_contents,ord_subtotals,pay_confirm_num,pay_type,pay_time,cust_id,shop_id) VALUES (62698135,'Juice - Cranberry 284ml',95.33,'8294452718','mastercard','2022-11-06 23:19:29',920,0067);
INSERT INTO Orders(ord_id,ord_contents,ord_subtotals,pay_confirm_num,pay_type,pay_time,cust_id,shop_id) VALUES (68653105,'Cornstarch',76.12,'0185165966','mastercard','2022-05-29 15:13:18',435,0370);
INSERT INTO Orders(ord_id,ord_contents,ord_subtotals,pay_confirm_num,pay_type,pay_time,cust_id,shop_id) VALUES (32387575,'Juice - Cranberry 284ml',6.23,'8526100459','mastercard','2022-02-25 20:24:36',998,0701);
INSERT INTO Orders(ord_id,ord_contents,ord_subtotals,pay_confirm_num,pay_type,pay_time,cust_id,shop_id) VALUES (23348764,'Gingerale - Schweppes, 355 Ml',49.26,'9348031910','mastercard','2021-12-20 21:58:07',388,0729);
INSERT INTO Orders(ord_id,ord_contents,ord_subtotals,pay_confirm_num,pay_type,pay_time,cust_id,shop_id) VALUES (86663742,'Vinegar - Balsamic, White',69.08,'6012476442','mastercard','2022-04-27 03:37:46',434,0939);
INSERT INTO Orders(ord_id,ord_contents,ord_subtotals,pay_confirm_num,pay_type,pay_time,cust_id,shop_id) VALUES (62582102,'Country Roll',10.71,'7143873446','mastercard','2022-01-09 07:46:04',507,0786);
INSERT INTO Orders(ord_id,ord_contents,ord_subtotals,pay_confirm_num,pay_type,pay_time,cust_id,shop_id) VALUES (18246715,'Wine - Jafflin Bourgongone',23.68,'6220341686','mastercard','2022-09-07 05:58:47',278,0328);
INSERT INTO Orders(ord_id,ord_contents,ord_subtotals,pay_confirm_num,pay_type,pay_time,cust_id,shop_id) VALUES (46924666,'Wine - Chenin Blanc K.w.v.',33.35,'9460925669','mastercard','2022-01-24 04:57:10',728,0165);
INSERT INTO Orders(ord_id,ord_contents,ord_subtotals,pay_confirm_num,pay_type,pay_time,cust_id,shop_id) VALUES (55056657,'Juice - Happy Planet',32.58,'6326751489','mastercard','2022-01-04 17:22:53',384,0939);
INSERT INTO Orders(ord_id,ord_contents,ord_subtotals,pay_confirm_num,pay_type,pay_time,cust_id,shop_id) VALUES (77742888,'Compound - Orange',33.63,'9702942896','mastercard','2022-07-29 17:38:01',129,0722);
INSERT INTO Orders(ord_id,ord_contents,ord_subtotals,pay_confirm_num,pay_type,pay_time,cust_id,shop_id) VALUES (2089006,'Crab - Dungeness, Whole, live',77.69,'9076910758','mastercard','2022-03-29 05:22:44',998,0954);
INSERT INTO Orders(ord_id,ord_contents,ord_subtotals,pay_confirm_num,pay_type,pay_time,cust_id,shop_id) VALUES (35340833,'Ice Cream Bar - Hagen Daz',10.67,'4786404055','mastercard','2021-12-31 08:26:49',728,0939);
INSERT INTO Orders(ord_id,ord_contents,ord_subtotals,pay_confirm_num,pay_type,pay_time,cust_id,shop_id) VALUES (92982492,'Lamb - Whole, Fresh',29.76,'8544823483','mastercard','2022-04-17 13:31:14',591,0370);
INSERT INTO Orders(ord_id,ord_contents,ord_subtotals,pay_confirm_num,pay_type,pay_time,cust_id,shop_id) VALUES (32520430,'Petite Baguette',84.68,'7055510082','mastercard','2022-11-16 16:19:22',601,0076);
INSERT INTO Orders(ord_id,ord_contents,ord_subtotals,pay_confirm_num,pay_type,pay_time,cust_id,shop_id) VALUES (9567801,'Remy Red',11.28,'8942767923','mastercard','2022-10-19 12:50:32',496,0876);
INSERT INTO Orders(ord_id,ord_contents,ord_subtotals,pay_confirm_num,pay_type,pay_time,cust_id,shop_id) VALUES (47996963,'Lamb - Loin, Trimmed, Boneless',27.29,'5803181536','mastercard','2022-01-31 14:16:53',278,0076);
INSERT INTO Orders(ord_id,ord_contents,ord_subtotals,pay_confirm_num,pay_type,pay_time,cust_id,shop_id) VALUES (39652744,'Wine - Red, Pelee Island Merlot',67.49,'8973991302','mastercard','2022-11-13 11:25:38',532,0057);
INSERT INTO Orders(ord_id,ord_contents,ord_subtotals,pay_confirm_num,pay_type,pay_time,cust_id,shop_id) VALUES (8045502,'Icecream - Dstk Strw Chseck',29.69,'0324725531','mastercard','2022-03-08 18:19:08',830,0701);
INSERT INTO Orders(ord_id,ord_contents,ord_subtotals,pay_confirm_num,pay_type,pay_time,cust_id,shop_id) VALUES (22219802,'Croissants Thaw And Serve',97.36,'5036784030','mastercard','2022-03-19 06:47:08',601,0210);
INSERT INTO Orders(ord_id,ord_contents,ord_subtotals,pay_confirm_num,pay_type,pay_time,cust_id,shop_id) VALUES (47464805,'Liners - Baking Cups',74.17,'6052513276','mastercard','2022-01-10 21:24:19',266,0786);
INSERT INTO Orders(ord_id,ord_contents,ord_subtotals,pay_confirm_num,pay_type,pay_time,cust_id,shop_id) VALUES (29330595,'Apple - Northern Spy',53.32,'7819621796','mastercard','2022-11-14 08:19:46',591,0165);
INSERT INTO Orders(ord_id,ord_contents,ord_subtotals,pay_confirm_num,pay_type,pay_time,cust_id,shop_id) VALUES (38484956,'Chips Potato All Dressed - 43g',88.79,'1730161146','mastercard','2022-01-27 05:12:37',904,0729);
INSERT INTO Orders(ord_id,ord_contents,ord_subtotals,pay_confirm_num,pay_type,pay_time,cust_id,shop_id) VALUES (93865985,'Five Alive Citrus',68.81,'7658460869','mastercard','2022-10-15 14:28:44',735,0701);
INSERT INTO Orders(ord_id,ord_contents,ord_subtotals,pay_confirm_num,pay_type,pay_time,cust_id,shop_id) VALUES (21198344,'Beef - Diced',78.9,'4676312504','mastercard','2022-03-30 07:19:27',434,0067);
INSERT INTO Orders(ord_id,ord_contents,ord_subtotals,pay_confirm_num,pay_type,pay_time,cust_id,shop_id) VALUES (75391936,'Cookies - Englishbay Oatmeal',99.69,'1269304526','mastercard','2022-07-31 22:42:55',735,0954);
INSERT INTO Orders(ord_id,ord_contents,ord_subtotals,pay_confirm_num,pay_type,pay_time,cust_id,shop_id) VALUES (73678110,'Gelatine Leaves - Bulk',24.82,'7589224723','mastercard','2022-07-08 07:53:50',920,0729);
INSERT INTO Orders(ord_id,ord_contents,ord_subtotals,pay_confirm_num,pay_type,pay_time,cust_id,shop_id) VALUES (43509807,'Food Colouring - Pink',2.86,'5854521644','mastercard','2022-06-20 16:17:58',413,0210);
INSERT INTO Orders(ord_id,ord_contents,ord_subtotals,pay_confirm_num,pay_type,pay_time,cust_id,shop_id) VALUES (93175960,'Spinach - Spinach Leaf',11.14,'6185976870','mastercard','2022-06-25 16:38:06',532,0260);
INSERT INTO Orders(ord_id,ord_contents,ord_subtotals,pay_confirm_num,pay_type,pay_time,cust_id,shop_id) VALUES (63675927,'Long Island Ice Tea',36.3,'1854103857','mastercard','2022-03-10 20:21:21',278,0210);
INSERT INTO Orders(ord_id,ord_contents,ord_subtotals,pay_confirm_num,pay_type,pay_time,cust_id,shop_id) VALUES (1277697,'Juice - V8 Splash',55.21,'0770450490','mastercard','2022-04-20 20:53:22',876,0370);
INSERT INTO Orders(ord_id,ord_contents,ord_subtotals,pay_confirm_num,pay_type,pay_time,cust_id,shop_id) VALUES (46304393,'Wine - Red, Pelee Island Merlot',69.95,'6021125029','mastercard','2022-11-25 16:41:09',388,0165);
INSERT INTO Orders(ord_id,ord_contents,ord_subtotals,pay_confirm_num,pay_type,pay_time,cust_id,shop_id) VALUES (67816702,'Muffin Mix - Oatmeal',78.67,'1135019932','mastercard','2022-11-29 19:57:51',904,0057);
INSERT INTO Orders(ord_id,ord_contents,ord_subtotals,pay_confirm_num,pay_type,pay_time,cust_id,shop_id) VALUES (47208793,'Gingerale - Diet - Schweppes',8.8,'6493709296','mastercard','2022-10-24 18:41:43',751,0701);
INSERT INTO Orders(ord_id,ord_contents,ord_subtotals,pay_confirm_num,pay_type,pay_time,cust_id,shop_id) VALUES (7757692,'Bread Sour Rolls',95.06,'6039045027','mastercard','2022-10-09 19:40:25',333,0260);
INSERT INTO Orders(ord_id,ord_contents,ord_subtotals,pay_confirm_num,pay_type,pay_time,cust_id,shop_id) VALUES (5040409,'Pie Pecan',61.05,'4682039725','mastercard','2021-12-25 01:32:10',507,0633);
INSERT INTO Orders(ord_id,ord_contents,ord_subtotals,pay_confirm_num,pay_type,pay_time,cust_id,shop_id) VALUES (17186701,'Shrimp - Black Tiger 13/15',72.3,'9860066132','mastercard','2022-08-01 19:46:32',129,0906);
INSERT INTO Orders(ord_id,ord_contents,ord_subtotals,pay_confirm_num,pay_type,pay_time,cust_id,shop_id) VALUES (66651084,'Dried Apple',15.26,'8851521069','mastercard','2021-12-09 01:31:22',324,0939);
INSERT INTO Orders(ord_id,ord_contents,ord_subtotals,pay_confirm_num,pay_type,pay_time,cust_id,shop_id) VALUES (88146611,'Beer - Sleeman Fine Porter',4.4,'3599256756','mastercard','2022-01-24 02:50:13',591,0098);
INSERT INTO Orders(ord_id,ord_contents,ord_subtotals,pay_confirm_num,pay_type,pay_time,cust_id,shop_id) VALUES (39996849,'Pop - Club Soda Can',43.26,'6733753952','mastercard','2021-12-30 16:37:41',920,0876);
INSERT INTO Orders(ord_id,ord_contents,ord_subtotals,pay_confirm_num,pay_type,pay_time,cust_id,shop_id) VALUES (34569497,'Wine - Pinot Noir Pond Haddock',28.11,'6933554902','mastercard','2022-03-06 16:26:27',601,0076);
INSERT INTO Orders(ord_id,ord_contents,ord_subtotals,pay_confirm_num,pay_type,pay_time,cust_id,shop_id) VALUES (63841826,'Chocolate Liqueur - Godet White',34.24,'7673779676','mastercard','2022-08-30 23:43:41',532,0786);

INSERT INTO Promotion(promo_code,promo_desc,shop_id) VALUES ('SAVE15','Use this promo to save on your order',0786);
INSERT INTO Promotion(promo_code,promo_desc,shop_id) VALUES ('BLACKFRIDAY','Use this promo to save on your order',0876);
INSERT INTO Promotion(promo_code,promo_desc,shop_id) VALUES ('SLASH50','Use this promo to save on your order',0210);
INSERT INTO Promotion(promo_code,promo_desc,shop_id) VALUES ('GOODTUESDAY','Use this promo to save on your order',0057);
INSERT INTO Promotion(promo_code,promo_desc,shop_id) VALUES ('RANDOM','Use this promo to save on your order',0057);

INSERT INTO Comment(com_id,rating,comment_contents,cust_id,shop_id) VALUES (44552,3,'Mauris enim leo, rhoncus sed, vestibulum sit amet, cursus id, turpis. Integer aliquet, massa id lobortis convallis, tortor risus dapibus augue, vel accumsan tellus nisi eu orci.',944,0370);
INSERT INTO Comment(com_id,rating,comment_contents,cust_id,shop_id) VALUES (58248,4,'Mauris sit amet eros.',751,0210);
INSERT INTO Comment(com_id,rating,comment_contents,cust_id,shop_id) VALUES (56645,3,'Cum sociis natoque penatibus et magnis dis parturient montes, nascetur ridiculus mus. Etiam vel augue.',507,0786);
INSERT INTO Comment(com_id,rating,comment_contents,cust_id,shop_id) VALUES (26001,4,'Maecenas rhoncus aliquam lacus.',601,0939);
INSERT INTO Comment(com_id,rating,comment_contents,cust_id,shop_id) VALUES (26885,5,'Phasellus id sapien in sapien iaculis congue. Vivamus metus arcu, adipiscing molestie, hendrerit at, vulputate vitae, nisl.',920,0939);
INSERT INTO Comment(com_id,rating,comment_contents,cust_id,shop_id) VALUES (48275,1,'Integer ac leo. Pellentesque ultrices mattis odio.',944,0939);
INSERT INTO Comment(com_id,rating,comment_contents,cust_id,shop_id) VALUES (40796,3,'Maecenas rhoncus aliquam lacus.',728,0076);
INSERT INTO Comment(com_id,rating,comment_contents,cust_id,shop_id) VALUES (78142,1,'Vivamus tortor.',413,0906);
INSERT INTO Comment(com_id,rating,comment_contents,cust_id,shop_id) VALUES (72801,1,'Nulla facilisi.',496,0752);
INSERT INTO Comment(com_id,rating,comment_contents,cust_id,shop_id) VALUES (61978,5,'Sed ante.',751,0729);

INSERT INTO Restaurant(rest_id,rest_area,type) VALUES (0906,'Dera Murād Jamāli','KBBQ');
INSERT INTO Restaurant(rest_id,rest_area,type) VALUES (0954,'Mirskoy','Fast Food');
INSERT INTO Restaurant(rest_id,rest_area,type) VALUES (0633,'Langenburg','Fast Food');
INSERT INTO Restaurant(rest_id,rest_area,type) VALUES (0098,'Jinluo','Chinese');
INSERT INTO Restaurant(rest_id,rest_area,type) VALUES (0729,'Malabang','Indian');
INSERT INTO Restaurant(rest_id,rest_area,type) VALUES (0514,'Fanyang','Indian');
INSERT INTO Restaurant(rest_id,rest_area,type) VALUES (0328,'Stadtbredimus','Bar');
INSERT INTO Restaurant(rest_id,rest_area,type) VALUES (0701,'Agana Heights Village','Casual Dining');
INSERT INTO Restaurant(rest_id,rest_area,type) VALUES (0076,'Agusan','Fast Casual');
INSERT INTO Restaurant(rest_id,rest_area,type) VALUES (0752,'Davyd-Haradok','Buffet');

INSERT INTO Supermarket(super_id) VALUES (0210);
INSERT INTO Supermarket(super_id) VALUES (0067);
INSERT INTO Supermarket(super_id) VALUES (0939);
INSERT INTO Supermarket(super_id) VALUES (0876);
INSERT INTO Supermarket(super_id) VALUES (0786);
INSERT INTO Supermarket(super_id) VALUES (0370);
INSERT INTO Supermarket(super_id) VALUES (0057);
INSERT INTO Supermarket(super_id) VALUES (0722);
INSERT INTO Supermarket(super_id) VALUES (0165);
INSERT INTO Supermarket(super_id) VALUES (0260);

INSERT INTO Schedule(super_id,day_of_week,open_time,close_time) VALUES (0210,'M','6:16 AM','12:01 AM');
INSERT INTO Schedule(super_id,day_of_week,open_time,close_time) VALUES (0210,'T','6:16 AM','12:01 AM');
INSERT INTO Schedule(super_id,day_of_week,open_time,close_time) VALUES (0210,'W','6:16 AM','12:01 AM');
INSERT INTO Schedule(super_id,day_of_week,open_time,close_time) VALUES (0210,'R','6:16 AM','12:01 AM');
INSERT INTO Schedule(super_id,day_of_week,open_time,close_time) VALUES (0210,'F','6:16 AM','12:01 AM');
INSERT INTO Schedule(super_id,day_of_week,open_time,close_time) VALUES (0210,'S','6:16 AM','12:01 AM');
INSERT INTO Schedule(super_id,day_of_week,open_time,close_time) VALUES (0210,'U','6:16 AM','12:01 AM');
INSERT INTO Schedule(super_id,day_of_week,open_time,close_time) VALUES (0067,'M','6:51 AM','12:15 PM');
INSERT INTO Schedule(super_id,day_of_week,open_time,close_time) VALUES (0067,'T','6:51 AM','12:15 PM');
INSERT INTO Schedule(super_id,day_of_week,open_time,close_time) VALUES (0067,'W','6:51 AM','12:15 PM');
INSERT INTO Schedule(super_id,day_of_week,open_time,close_time) VALUES (0067,'R','6:51 AM','12:15 PM');
INSERT INTO Schedule(super_id,day_of_week,open_time,close_time) VALUES (0067,'F','6:51 AM','12:15 PM');
INSERT INTO Schedule(super_id,day_of_week,open_time,close_time) VALUES (0067,'S','6:51 AM','12:15 PM');
INSERT INTO Schedule(super_id,day_of_week,open_time,close_time) VALUES (0067,'U','6:51 AM','12:15 PM');
INSERT INTO Schedule(super_id,day_of_week,open_time,close_time) VALUES (0939,'M','9:09 AM','5:49 PM');
INSERT INTO Schedule(super_id,day_of_week,open_time,close_time) VALUES (0939,'T','9:09 AM','5:49 PM');
INSERT INTO Schedule(super_id,day_of_week,open_time,close_time) VALUES (0939,'W','9:09 AM','5:49 PM');
INSERT INTO Schedule(super_id,day_of_week,open_time,close_time) VALUES (0939,'R','9:09 AM','5:49 PM');
INSERT INTO Schedule(super_id,day_of_week,open_time,close_time) VALUES (0939,'F','9:09 AM','5:49 PM');
INSERT INTO Schedule(super_id,day_of_week,open_time,close_time) VALUES (0939,'S','9:09 AM','5:49 PM');
INSERT INTO Schedule(super_id,day_of_week,open_time,close_time) VALUES (0939,'U','9:09 AM','5:49 PM');
INSERT INTO Schedule(super_id,day_of_week,open_time,close_time) VALUES (0876,'M','9:55 AM','12:59 PM');
INSERT INTO Schedule(super_id,day_of_week,open_time,close_time) VALUES (0876,'T','9:55 AM','12:59 PM');
INSERT INTO Schedule(super_id,day_of_week,open_time,close_time) VALUES (0876,'W','9:55 AM','12:59 PM');
INSERT INTO Schedule(super_id,day_of_week,open_time,close_time) VALUES (0876,'R','9:55 AM','12:59 PM');
INSERT INTO Schedule(super_id,day_of_week,open_time,close_time) VALUES (0876,'F','9:55 AM','12:59 PM');
INSERT INTO Schedule(super_id,day_of_week,open_time,close_time) VALUES (0876,'S','9:55 AM','12:59 PM');
INSERT INTO Schedule(super_id,day_of_week,open_time,close_time) VALUES (0876,'U','9:55 AM','12:59 PM');
INSERT INTO Schedule(super_id,day_of_week,open_time,close_time) VALUES (0786,'M','6:03 AM','5:21 PM');
INSERT INTO Schedule(super_id,day_of_week,open_time,close_time) VALUES (0786,'T','6:03 AM','5:21 PM');
INSERT INTO Schedule(super_id,day_of_week,open_time,close_time) VALUES (0786,'W','6:03 AM','5:21 PM');
INSERT INTO Schedule(super_id,day_of_week,open_time,close_time) VALUES (0786,'R','6:03 AM','5:21 PM');
INSERT INTO Schedule(super_id,day_of_week,open_time,close_time) VALUES (0786,'F','6:03 AM','5:21 PM');
INSERT INTO Schedule(super_id,day_of_week,open_time,close_time) VALUES (0786,'S','6:03 AM','5:21 PM');
INSERT INTO Schedule(super_id,day_of_week,open_time,close_time) VALUES (0786,'U','6:03 AM','5:21 PM');
INSERT INTO Schedule(super_id,day_of_week,open_time,close_time) VALUES (0370,'M','9:55 AM','12:59 PM');
INSERT INTO Schedule(super_id,day_of_week,open_time,close_time) VALUES (0370,'T','9:55 AM','12:59 PM');
INSERT INTO Schedule(super_id,day_of_week,open_time,close_time) VALUES (0370,'W','9:55 AM','12:59 PM');
INSERT INTO Schedule(super_id,day_of_week,open_time,close_time) VALUES (0370,'R','9:55 AM','12:59 PM');
INSERT INTO Schedule(super_id,day_of_week,open_time,close_time) VALUES (0370,'F','9:55 AM','12:59 PM');
INSERT INTO Schedule(super_id,day_of_week,open_time,close_time) VALUES (0370,'S','9:55 AM','12:59 PM');
INSERT INTO Schedule(super_id,day_of_week,open_time,close_time) VALUES (0370,'U','9:55 AM','12:59 PM');
INSERT INTO Schedule(super_id,day_of_week,open_time,close_time) VALUES (0057,'M','6:16 AM','12:01 AM');
INSERT INTO Schedule(super_id,day_of_week,open_time,close_time) VALUES (0057,'T','6:16 AM','12:01 AM');
INSERT INTO Schedule(super_id,day_of_week,open_time,close_time) VALUES (0057,'W','6:16 AM','12:01 AM');
INSERT INTO Schedule(super_id,day_of_week,open_time,close_time) VALUES (0057,'R','6:16 AM','12:01 AM');
INSERT INTO Schedule(super_id,day_of_week,open_time,close_time) VALUES (0057,'F','6:16 AM','12:01 AM');
INSERT INTO Schedule(super_id,day_of_week,open_time,close_time) VALUES (0057,'S','6:16 AM','12:01 AM');
INSERT INTO Schedule(super_id,day_of_week,open_time,close_time) VALUES (0057,'U','6:16 AM','12:01 AM');
INSERT INTO Schedule(super_id,day_of_week,open_time,close_time) VALUES (0722,'M','6:51 AM','12:15 PM');
INSERT INTO Schedule(super_id,day_of_week,open_time,close_time) VALUES (0722,'T','6:51 AM','12:15 PM');
INSERT INTO Schedule(super_id,day_of_week,open_time,close_time) VALUES (0722,'W','6:51 AM','12:15 PM');
INSERT INTO Schedule(super_id,day_of_week,open_time,close_time) VALUES (0722,'R','6:51 AM','12:15 PM');
INSERT INTO Schedule(super_id,day_of_week,open_time,close_time) VALUES (0722,'F','6:51 AM','12:15 PM');
INSERT INTO Schedule(super_id,day_of_week,open_time,close_time) VALUES (0722,'S','6:51 AM','12:15 PM');
INSERT INTO Schedule(super_id,day_of_week,open_time,close_time) VALUES (0722,'U','6:51 AM','12:15 PM');
INSERT INTO Schedule(super_id,day_of_week,open_time,close_time) VALUES (0165,'M','7:29 AM','3:03 PM');
INSERT INTO Schedule(super_id,day_of_week,open_time,close_time) VALUES (0165,'T','7:29 AM','3:03 PM');
INSERT INTO Schedule(super_id,day_of_week,open_time,close_time) VALUES (0165,'W','7:29 AM','3:03 PM');
INSERT INTO Schedule(super_id,day_of_week,open_time,close_time) VALUES (0165,'R','7:29 AM','3:03 PM');
INSERT INTO Schedule(super_id,day_of_week,open_time,close_time) VALUES (0165,'F','7:29 AM','3:03 PM');
INSERT INTO Schedule(super_id,day_of_week,open_time,close_time) VALUES (0165,'S','7:29 AM','3:03 PM');
INSERT INTO Schedule(super_id,day_of_week,open_time,close_time) VALUES (0165,'U','7:29 AM','3:03 PM');
INSERT INTO Schedule(super_id,day_of_week,open_time,close_time) VALUES (0260,'M','8:35 AM','8:31 PM');
INSERT INTO Schedule(super_id,day_of_week,open_time,close_time) VALUES (0260,'T','8:35 AM','8:31 PM');
INSERT INTO Schedule(super_id,day_of_week,open_time,close_time) VALUES (0260,'W','8:35 AM','8:31 PM');
INSERT INTO Schedule(super_id,day_of_week,open_time,close_time) VALUES (0260,'R','8:35 AM','8:31 PM');
INSERT INTO Schedule(super_id,day_of_week,open_time,close_time) VALUES (0260,'F','8:35 AM','8:31 PM');
INSERT INTO Schedule(super_id,day_of_week,open_time,close_time) VALUES (0260,'S','8:35 AM','8:31 PM');
INSERT INTO Schedule(super_id,day_of_week,open_time,close_time) VALUES (0260,'U','8:35 AM','8:31 PM');

INSERT INTO Product(super_id,prod_id,prod_name,prod_desc,prod_price,prod_count) VALUES (0210,468003,'Soup - Campbells Chili Veg','Morbi vestibulum, velit id pretium iaculis, diam erat fermentum justo, nec condimentum neque sapien placerat ante.',17.77,41);
INSERT INTO Product(super_id,prod_id,prod_name,prod_desc,prod_price,prod_count) VALUES (0067,313357,'The Pop Shoppe - Black Cherry','Nam ultrices, libero non mattis pulvinar, nulla pede ullamcorper augue, a suscipit nulla elit ac nulla.',16.94,24);
INSERT INTO Product(super_id,prod_id,prod_name,prod_desc,prod_price,prod_count) VALUES (0939,599868,'Oil - Hazelnut','Morbi odio odio, elementum eu, interdum eu, tincidunt in, leo.',17.13,11);
INSERT INTO Product(super_id,prod_id,prod_name,prod_desc,prod_price,prod_count) VALUES (0876,096681,'Cheese - Taleggio D.o.p.','Phasellus in felis.',16.2,11);
INSERT INTO Product(super_id,prod_id,prod_name,prod_desc,prod_price,prod_count) VALUES (0786,803209,'Puree - Strawberry','Lorem ipsum dolor sit amet, consectetuer adipiscing elit.',14.37,23);
INSERT INTO Product(super_id,prod_id,prod_name,prod_desc,prod_price,prod_count) VALUES (0370,313357,'Shrimp - Tiger 21/25','Fusce consequat.',10.29,45);
INSERT INTO Product(super_id,prod_id,prod_name,prod_desc,prod_price,prod_count) VALUES (0057,349889,'Potatoes - Yukon Gold 5 Oz','Maecenas leo odio, condimentum id, luctus nec, molestie sed, justo.',18.74,41);
INSERT INTO Product(super_id,prod_id,prod_name,prod_desc,prod_price,prod_count) VALUES (0722,281346,'Appetizer - Asian Shrimp Roll','Vivamus metus arcu, adipiscing molestie, hendrerit at, vulputate vitae, nisl.',17.44,46);
INSERT INTO Product(super_id,prod_id,prod_name,prod_desc,prod_price,prod_count) VALUES (0165,700832,'Towel Dispenser','Mauris sit amet eros.',7.03,15);
INSERT INTO Product(super_id,prod_id,prod_name,prod_desc,prod_price,prod_count) VALUES (0260,973410,'Soap - Pine Sol Floor Cleaner','Donec dapibus.',19.62,44);
INSERT INTO Product(super_id,prod_id,prod_name,prod_desc,prod_price,prod_count) VALUES (0210,658094,'Phyllo Dough','Vivamus metus arcu, adipiscing molestie, hendrerit at, vulputate vitae, nisl.',19.79,4);
INSERT INTO Product(super_id,prod_id,prod_name,prod_desc,prod_price,prod_count) VALUES (0067,164364,'Vinegar - Raspberry','Suspendisse potenti.',16.03,3);
INSERT INTO Product(super_id,prod_id,prod_name,prod_desc,prod_price,prod_count) VALUES (0939,248291,'Pork - Butt, Boneless','Duis aliquam convallis nunc.',14.04,38);
INSERT INTO Product(super_id,prod_id,prod_name,prod_desc,prod_price,prod_count) VALUES (0876,233014,'Chicken - Livers','Aliquam erat volutpat.',14.71,24);
INSERT INTO Product(super_id,prod_id,prod_name,prod_desc,prod_price,prod_count) VALUES (0786,971875,'Lid - High Heat, Super Clear','Maecenas leo odio, condimentum id, luctus nec, molestie sed, justo.',15.5,25);
INSERT INTO Product(super_id,prod_id,prod_name,prod_desc,prod_price,prod_count) VALUES (0370,599868,'Bread - White Epi Baguette','Phasellus id sapien in sapien iaculis congue.',15.96,7);
INSERT INTO Product(super_id,prod_id,prod_name,prod_desc,prod_price,prod_count) VALUES (0057,706323,'Beer - Corona','Nunc purus.',9.47,18);
INSERT INTO Product(super_id,prod_id,prod_name,prod_desc,prod_price,prod_count) VALUES (0722,508739,'Mushroom - Portebello','Nunc nisl.',18.53,7);
INSERT INTO Product(super_id,prod_id,prod_name,prod_desc,prod_price,prod_count) VALUES (0165,554257,'Saskatoon Berries - Frozen','Duis aliquam convallis nunc.',18.4,19);
INSERT INTO Product(super_id,prod_id,prod_name,prod_desc,prod_price,prod_count) VALUES (0260,264171,'Chocolate - White','Aliquam sit amet diam in magna bibendum imperdiet.',8.45,31);
INSERT INTO Product(super_id,prod_id,prod_name,prod_desc,prod_price,prod_count) VALUES (0210,470600,'Split Peas - Green, Dry','Quisque porta volutpat erat.',18.63,6);
INSERT INTO Product(super_id,prod_id,prod_name,prod_desc,prod_price,prod_count) VALUES (0067,470600,'Shrimp - Tiger 21/25','Fusce consequat.',10.29,25);
INSERT INTO Product(super_id,prod_id,prod_name,prod_desc,prod_price,prod_count) VALUES (0939,960637,'Sprite - 355 Ml','Vivamus vestibulum sagittis sapien.',12.17,42);
INSERT INTO Product(super_id,prod_id,prod_name,prod_desc,prod_price,prod_count) VALUES (0876,295324,'Tea - Apple Green Tea','Aliquam quis turpis eget elit sodales scelerisque.',7.21,45);
INSERT INTO Product(super_id,prod_id,prod_name,prod_desc,prod_price,prod_count) VALUES (0786,841851,'Raisin - Dark','Ut tellus.',17.6,14);
INSERT INTO Product(super_id,prod_id,prod_name,prod_desc,prod_price,prod_count) VALUES (0370,327868,'Ecolab Digiclean Mild Fm','Pellentesque eget nunc.',17.36,16);
INSERT INTO Product(super_id,prod_id,prod_name,prod_desc,prod_price,prod_count) VALUES (0057,971875,'Kippers - Smoked','Donec semper sapien a libero.',9.49,26);
INSERT INTO Product(super_id,prod_id,prod_name,prod_desc,prod_price,prod_count) VALUES (0722,746326,'Kippers - Smoked','Donec semper sapien a libero.',9.49,28);
INSERT INTO Product(super_id,prod_id,prod_name,prod_desc,prod_price,prod_count) VALUES (0165,245503,'Hinge W Undercut','Nunc nisl.',19.13,37);
INSERT INTO Product(super_id,prod_id,prod_name,prod_desc,prod_price,prod_count) VALUES (0260,554257,'Phyllo Dough','Vivamus metus arcu, adipiscing molestie, hendrerit at, vulputate vitae, nisl.',19.79,2);



INSERT INTO Uses(cust_id,ord_id,promo_code) VALUES (278,47208793,'SAVE15');
INSERT INTO Uses(cust_id,ord_id,promo_code) VALUES (434,63675927,'SAVE15');
INSERT INTO Uses(cust_id,ord_id,promo_code) VALUES (609,46304393,'BLACKFRIDAY');
INSERT INTO Uses(cust_id,ord_id,promo_code) VALUES (735,31088059,'GOODTUESDAY');
INSERT INTO Uses(cust_id,ord_id,promo_code) VALUES (324,47996963,'RANDOM');

INSERT INTO Delivers(ord_id,deliverer_id,plate_num) VALUES (54864037,456,'ERY-8792'); 
INSERT INTO Delivers(ord_id,deliverer_id,plate_num) VALUES (66829326,991,'EYU-8249');
INSERT INTO Delivers(ord_id,deliverer_id,plate_num) VALUES (40615069,485,'MMG-1209');
INSERT INTO Delivers(ord_id,deliverer_id,plate_num) VALUES (12308872,903,'DJY-3614');
INSERT INTO Delivers(ord_id,deliverer_id,plate_num) VALUES (43655173,618,'IOV-5462');
INSERT INTO Delivers(ord_id,deliverer_id,plate_num) VALUES (31088059,581,'BKG-1699');
INSERT INTO Delivers(ord_id,deliverer_id,plate_num) VALUES (86119759,993,'AXF-6281');
INSERT INTO Delivers(ord_id,deliverer_id,plate_num) VALUES (53645750,851,'XQP-7208');
INSERT INTO Delivers(ord_id,deliverer_id,plate_num) VALUES (99037630,221,'QQI-6170');
INSERT INTO Delivers(ord_id,deliverer_id,plate_num) VALUES (62698135,603,'BLT-2807');
INSERT INTO Delivers(ord_id,deliverer_id,plate_num) VALUES (68653105,620,'BKH-5326');
INSERT INTO Delivers(ord_id,deliverer_id,plate_num) VALUES (32387575,874,'IRZ-6932');
INSERT INTO Delivers(ord_id,deliverer_id,plate_num) VALUES (23348764,754,'BXT-7015');
INSERT INTO Delivers(ord_id,deliverer_id,plate_num) VALUES (86663742,456,'UPQ-5287');
INSERT INTO Delivers(ord_id,deliverer_id,plate_num) VALUES (62582102,991,'AMK-1882');
INSERT INTO Delivers(ord_id,deliverer_id,plate_num) VALUES (18246715,485,'MMG-1209');
INSERT INTO Delivers(ord_id,deliverer_id,plate_num) VALUES (46924666,903,'DJY-3614');
INSERT INTO Delivers(ord_id,deliverer_id,plate_num) VALUES (55056657,618,'IOV-5462');
INSERT INTO Delivers(ord_id,deliverer_id,plate_num) VALUES (77742888,581,'BKG-1699');
INSERT INTO Delivers(ord_id,deliverer_id,plate_num) VALUES (2089006, 993,'AXF-6281');
INSERT INTO Delivers(ord_id,deliverer_id,plate_num) VALUES (35340833,851,'XQP-7208');
INSERT INTO Delivers(ord_id,deliverer_id,plate_num) VALUES (92982492,221,'QQI-6170');
INSERT INTO Delivers(ord_id,deliverer_id,plate_num) VALUES (32520430,603,'BLT-2807');
INSERT INTO Delivers(ord_id,deliverer_id,plate_num) VALUES (9567801, 620,'BKH-5326');
INSERT INTO Delivers(ord_id,deliverer_id,plate_num) VALUES (47996963,874,'IRZ-6932');
INSERT INTO Delivers(ord_id,deliverer_id,plate_num) VALUES (39652744,754,'BXT-7015');
INSERT INTO Delivers(ord_id,deliverer_id,plate_num) VALUES (8045502, 456,'ERY-8792');
INSERT INTO Delivers(ord_id,deliverer_id,plate_num) VALUES (22219802,991,'EYU-8249');
INSERT INTO Delivers(ord_id,deliverer_id,plate_num) VALUES (47464805,485,'MMG-1209');
INSERT INTO Delivers(ord_id,deliverer_id,plate_num) VALUES (29330595,903,'DJY-3614');
INSERT INTO Delivers(ord_id,deliverer_id,plate_num) VALUES (38484956,618,'IOV-5462');
INSERT INTO Delivers(ord_id,deliverer_id,plate_num) VALUES (93865985,581,'BKG-1699');
INSERT INTO Delivers(ord_id,deliverer_id,plate_num) VALUES (21198344,993,'AXF-6281');
INSERT INTO Delivers(ord_id,deliverer_id,plate_num) VALUES (75391936,851,'XQP-7208');
INSERT INTO Delivers(ord_id,deliverer_id,plate_num) VALUES (73678110,221,'QQI-6170');
INSERT INTO Delivers(ord_id,deliverer_id,plate_num) VALUES (43509807,603,'BLT-2807');
INSERT INTO Delivers(ord_id,deliverer_id,plate_num) VALUES (93175960,620,'BKH-5326');
INSERT INTO Delivers(ord_id,deliverer_id,plate_num) VALUES (63675927,874,'IRZ-6932');
INSERT INTO Delivers(ord_id,deliverer_id,plate_num) VALUES (1277697, 754,'BXT-7015');
INSERT INTO Delivers(ord_id,deliverer_id,plate_num) VALUES (46304393,456,'ERY-8792');
INSERT INTO Delivers(ord_id,deliverer_id,plate_num) VALUES (67816702,991,'EYU-8249');
INSERT INTO Delivers(ord_id,deliverer_id,plate_num) VALUES (47208793,485,'MMG-1209');
INSERT INTO Delivers(ord_id,deliverer_id,plate_num) VALUES (7757692, 903,'DJY-3614');
INSERT INTO Delivers(ord_id,deliverer_id,plate_num) VALUES (5040409, 618,'IOV-5462');
INSERT INTO Delivers(ord_id,deliverer_id,plate_num) VALUES (17186701,581,'BKG-1699');
INSERT INTO Delivers(ord_id,deliverer_id,plate_num) VALUES (66651084,993,'AXF-6281');
INSERT INTO Delivers(ord_id,deliverer_id,plate_num) VALUES (88146611,851,'XQP-7208');
INSERT INTO Delivers(ord_id,deliverer_id,plate_num) VALUES (39996849,221,'QQI-6170');
INSERT INTO Delivers(ord_id,deliverer_id,plate_num) VALUES (34569497,603,'BLT-2807');
INSERT INTO Delivers(ord_id,deliverer_id,plate_num) VALUES (63841826,620,'BKH-5326');
